year,quarter,region,area,value,unit,source
2555,ไตรมาส 1,ทั่วประเทศ,รวม,279.15,พันคน,สำนักงานสถิติแห่งชาติ
2555,ไตรมาส 2,ทั่วประเทศ,รวม,338.40,พันคน,สำนักงานสถิติแห่งชาติ
2555,ไตรมาส 3,ทั่วประเทศ,รวม,230.80,พันคน,สำนักงานสถิติแห่งชาติ
2555,ไตรมาส 4,ทั่วประเทศ,รวม,188.00,พันคน,สำนักงานสถิติแห่งชาติ
2556,ไตรมาส 1,ทั่วประเทศ,รวม,280.45,พันคน,สำนักงานสถิติแห่งชาติ
2556,ไตรมาส 2,ทั่วประเทศ,รวม,292.14,พันคน,สำนักงานสถิติแห่งชาติ
2556,ไตรมาส 3,ทั่วประเทศ,รวม,305.60,พันคน,สำนักงานสถิติแห่งชาติ
2556,ไตรมาส 4,ทั่วประเทศ,รวม,255.89,พันคน,สำนักงานสถิติแห่งชาติ
2557,ไตรมาส 1,ทั่วประเทศ,รวม,341.12,พันคน,สำนักงานสถิติแห่งชาติ
2557,ไตรมาส 2,ทั่วประเทศ,รวม,385.70,พันคน,สำนักงานสถิติแห่งชาติ
2557,ไตรมาส 3,ทั่วประเทศ,รวม,326.62,พันคน,สำนักงานสถิติแห่งชาติ
2557,ไตรมาส 4,ทั่วประเทศ,รวม,237.27,พันคน,สำนักงานสถิติแห่งชาติ
2558,ไตรมาส 1,ทั่วประเทศ,รวม,361.30,พันคน,สำนักงานสถิติแห่งชาติ
2558,ไตรมาส 2,ทั่วประเทศ,รวม,336.08,พันคน,สำนักงานสถิติแห่งชาติ
2558,ไตรมาส 3,ทั่วประเทศ,รวม,356.02,พันคน,สำนักงานสถิติแห่งชาติ
2558,ไตรมาส 4,ทั่วประเทศ,รวม,308.84,พันคน,สำนักงานสถิติแห่งชาติ
2559,ไตรมาส 1,ทั่วประเทศ,รวม,369.89,พันคน,สำนักงานสถิติแห่งชาติ
2559,ไตรมาส 2,ทั่วประเทศ,รวม,411.12,พันคน,สำนักงานสถิติแห่งชาติ
2559,ไตรมาส 3,ทั่วประเทศ,รวม,362.51,พันคน,สำนักงานสถิติแห่งชาติ
2559,ไตรมาส 4,ทั่วประเทศ,รวม,366.30,พันคน,สำนักงานสถิติแห่งชาติ
2560,ไตรมาส 1,ทั่วประเทศ,รวม,463.38,พันคน,สำนักงานสถิติแห่งชาติ
2560,ไตรมาส 2,ทั่วประเทศ,รวม,464.97,พันคน,สำนักงานสถิติแห่งชาติ
2560,ไตรมาส 3,ทั่วประเทศ,รวม,452.59,พันคน,สำนักงานสถิติแห่งชาติ
2560,ไตรมาส 4,ทั่วประเทศ,รวม,421.73,พันคน,สำนักงานสถิติแห่งชาติ
2561,ไตรมาส 1,ทั่วประเทศ,รวม,473.77,พันคน,สำนักงานสถิติแห่งชาติ
2561,ไตรมาส 2,ทั่วประเทศ,รวม,411.15,พันคน,สำนักงานสถิติแห่งชาติ
2561,ไตรมาส 3,ทั่วประเทศ,รวม,373.45,พันคน,สำนักงานสถิติแห่งชาติ
2561,ไตรมาส 4,ทั่วประเทศ,รวม,358.77,พันคน,สำนักงานสถิติแห่งชาติ
2562,ไตรมาส 1,ทั่วประเทศ,รวม,351.16,พันคน,สำนักงานสถิติแห่งชาติ
2562,ไตรมาส 2,ทั่วประเทศ,รวม,376.93,พันคน,สำนักงานสถิติแห่งชาติ
2562,ไตรมาส 3,ทั่วประเทศ,รวม,394.03,พันคน,สำนักงานสถิติแห่งชาติ
2562,ไตรมาส 4,ทั่วประเทศ,รวม,371.48,พันคน,สำนักงานสถิติแห่งชาติ
2563,ไตรมาส 1,ทั่วประเทศ,รวม,394.52,พันคน,สำนักงานสถิติแห่งชาติ
2563,ไตรมาส 2,ทั่วประเทศ,รวม,745.18,พันคน,สำนักงานสถิติแห่งชาติ
2563,ไตรมาส 3,ทั่วประเทศ,รวม,737.65,พันคน,สำนักงานสถิติแห่งชาติ
2563,ไตรมาส 4,ทั่วประเทศ,รวม,727.05,พันคน,สำนักงานสถิติแห่งชาติ
2555,ไตรมาส 1,ทั่วประเทศ,ในเขตเทศบาล,91.40,พันคน,สำนักงานสถิติแห่งชาติ
2555,ไตรมาส 2,ทั่วประเทศ,ในเขตเทศบาล,114.75,พันคน,สำนักงานสถิติแห่งชาติ
2555,ไตรมาส 3,ทั่วประเทศ,ในเขตเทศบาล,91.70,พันคน,สำนักงานสถิติแห่งชาติ
2555,ไตรมาส 4,ทั่วประเทศ,ในเขตเทศบาล,79.30,พันคน,สำนักงานสถิติแห่งชาติ
2556,ไตรมาส 1,ทั่วประเทศ,ในเขตเทศบาล,96.54,พันคน,สำนักงานสถิติแห่งชาติ
2556,ไตรมาส 2,ทั่วประเทศ,ในเขตเทศบาล,101.46,พันคน,สำนักงานสถิติแห่งชาติ
2556,ไตรมาส 3,ทั่วประเทศ,ในเขตเทศบาล,117.88,พันคน,สำนักงานสถิติแห่งชาติ
2556,ไตรมาส 4,ทั่วประเทศ,ในเขตเทศบาล,98.54,พันคน,สำนักงานสถิติแห่งชาติ
2557,ไตรมาส 1,ทั่วประเทศ,ในเขตเทศบาล,152.40,พันคน,สำนักงานสถิติแห่งชาติ
2557,ไตรมาส 2,ทั่วประเทศ,ในเขตเทศบาล,184.43,พันคน,สำนักงานสถิติแห่งชาติ
2557,ไตรมาส 3,ทั่วประเทศ,ในเขตเทศบาล,146.76,พันคน,สำนักงานสถิติแห่งชาติ
2557,ไตรมาส 4,ทั่วประเทศ,ในเขตเทศบาล,118.19,พันคน,สำนักงานสถิติแห่งชาติ
2558,ไตรมาส 1,ทั่วประเทศ,ในเขตเทศบาล,164.73,พันคน,สำนักงานสถิติแห่งชาติ
2558,ไตรมาส 2,ทั่วประเทศ,ในเขตเทศบาล,167.51,พันคน,สำนักงานสถิติแห่งชาติ
2558,ไตรมาส 3,ทั่วประเทศ,ในเขตเทศบาล,168.80,พันคน,สำนักงานสถิติแห่งชาติ
2558,ไตรมาส 4,ทั่วประเทศ,ในเขตเทศบาล,143.25,พันคน,สำนักงานสถิติแห่งชาติ
2559,ไตรมาส 1,ทั่วประเทศ,ในเขตเทศบาล,175.17,พันคน,สำนักงานสถิติแห่งชาติ
2559,ไตรมาส 2,ทั่วประเทศ,ในเขตเทศบาล,192.28,พันคน,สำนักงานสถิติแห่งชาติ
2559,ไตรมาส 3,ทั่วประเทศ,ในเขตเทศบาล,170.49,พันคน,สำนักงานสถิติแห่งชาติ
2559,ไตรมาส 4,ทั่วประเทศ,ในเขตเทศบาล,175.70,พันคน,สำนักงานสถิติแห่งชาติ
2560,ไตรมาส 1,ทั่วประเทศ,ในเขตเทศบาล,202.03,พันคน,สำนักงานสถิติแห่งชาติ
2560,ไตรมาส 2,ทั่วประเทศ,ในเขตเทศบาล,216.31,พันคน,สำนักงานสถิติแห่งชาติ
2560,ไตรมาส 4,ทั่วประเทศ,ในเขตเทศบาล,195.00,พันคน,สำนักงานสถิติแห่งชาติ
2561,ไตรมาส 1,ทั่วประเทศ,ในเขตเทศบาล,210.16,พันคน,สำนักงานสถิติแห่งชาติ
2561,ไตรมาส 2,ทั่วประเทศ,ในเขตเทศบาล,184.22,พันคน,สำนักงานสถิติแห่งชาติ
2561,ไตรมาส 3,ทั่วประเทศ,ในเขตเทศบาล,184.58,พันคน,สำนักงานสถิติแห่งชาติ
2561,ไตรมาส 4,ทั่วประเทศ,ในเขตเทศบาล,157.23,พันคน,สำนักงานสถิติแห่งชาติ
2562,ไตรมาส 1,ทั่วประเทศ,ในเขตเทศบาล,158.71,พันคน,สำนักงานสถิติแห่งชาติ
2562,ไตรมาส 2,ทั่วประเทศ,ในเขตเทศบาล,171.87,พันคน,สำนักงานสถิติแห่งชาติ
2562,ไตรมาส 3,ทั่วประเทศ,ในเขตเทศบาล,202.64,พันคน,สำนักงานสถิติแห่งชาติ
2562,ไตรมาส 4,ทั่วประเทศ,ในเขตเทศบาล,141.97,พันคน,สำนักงานสถิติแห่งชาติ
2563,ไตรมาส 1,ทั่วประเทศ,ในเขตเทศบาล,171.28,พันคน,สำนักงานสถิติแห่งชาติ
2563,ไตรมาส 2,ทั่วประเทศ,ในเขตเทศบาล,360.99,พันคน,สำนักงานสถิติแห่งชาติ
2563,ไตรมาส 3,ทั่วประเทศ,ในเขตเทศบาล,369.37,พันคน,สำนักงานสถิติแห่งชาติ
2563,ไตรมาส 4,ทั่วประเทศ,ในเขตเทศบาล,370.83,พันคน,สำนักงานสถิติแห่งชาติ
2555,ไตรมาส 1,ทั่วประเทศ,นอกเขตเทศบาล,187.75,พันคน,สำนักงานสถิติแห่งชาติ
2555,ไตรมาส 2,ทั่วประเทศ,นอกเขตเทศบาล,223.65,พันคน,สำนักงานสถิติแห่งชาติ
2555,ไตรมาส 3,ทั่วประเทศ,นอกเขตเทศบาล,139.10,พันคน,สำนักงานสถิติแห่งชาติ
2555,ไตรมาส 4,ทั่วประเทศ,นอกเขตเทศบาล,108.70,พันคน,สำนักงานสถิติแห่งชาติ
2556,ไตรมาส 1,ทั่วประเทศ,นอกเขตเทศบาล,183.91,พันคน,สำนักงานสถิติแห่งชาติ
2556,ไตรมาส 2,ทั่วประเทศ,นอกเขตเทศบาล,190.67,พันคน,สำนักงานสถิติแห่งชาติ
2556,ไตรมาส 3,ทั่วประเทศ,นอกเขตเทศบาล,187.73,พันคน,สำนักงานสถิติแห่งชาติ
2556,ไตรมาส 4,ทั่วประเทศ,นอกเขตเทศบาล,157.35,พันคน,สำนักงานสถิติแห่งชาติ
2557,ไตรมาส 1,ทั่วประเทศ,นอกเขตเทศบาล,188.72,พันคน,สำนักงานสถิติแห่งชาติ
2557,ไตรมาส 2,ทั่วประเทศ,นอกเขตเทศบาล,201.27,พันคน,สำนักงานสถิติแห่งชาติ
2557,ไตรมาส 3,ทั่วประเทศ,นอกเขตเทศบาล,179.86,พันคน,สำนักงานสถิติแห่งชาติ
2557,ไตรมาส 4,ทั่วประเทศ,นอกเขตเทศบาล,119.08,พันคน,สำนักงานสถิติแห่งชาติ
2558,ไตรมาส 1,ทั่วประเทศ,นอกเขตเทศบาล,196.56,พันคน,สำนักงานสถิติแห่งชาติ
2558,ไตรมาส 2,ทั่วประเทศ,นอกเขตเทศบาล,168.58,พันคน,สำนักงานสถิติแห่งชาติ
2558,ไตรมาส 3,ทั่วประเทศ,นอกเขตเทศบาล,187.22,พันคน,สำนักงานสถิติแห่งชาติ
2558,ไตรมาส 4,ทั่วประเทศ,นอกเขตเทศบาล,165.59,พันคน,สำนักงานสถิติแห่งชาติ
2559,ไตรมาส 1,ทั่วประเทศ,นอกเขตเทศบาล,194.72,พันคน,สำนักงานสถิติแห่งชาติ
2559,ไตรมาส 2,ทั่วประเทศ,นอกเขตเทศบาล,218.84,พันคน,สำนักงานสถิติแห่งชาติ
2559,ไตรมาส 3,ทั่วประเทศ,นอกเขตเทศบาล,192.02,พันคน,สำนักงานสถิติแห่งชาติ
2559,ไตรมาส 4,ทั่วประเทศ,นอกเขตเทศบาล,190.60,พันคน,สำนักงานสถิติแห่งชาติ
2560,ไตรมาส 1,ทั่วประเทศ,นอกเขตเทศบาล,261.35,พันคน,สำนักงานสถิติแห่งชาติ
2560,ไตรมาส 2,ทั่วประเทศ,นอกเขตเทศบาล,248.67,พันคน,สำนักงานสถิติแห่งชาติ
2560,ไตรมาส 3,ทั่วประเทศ,นอกเขตเทศบาล,247.29,พันคน,สำนักงานสถิติแห่งชาติ
2560,ไตรมาส 4,ทั่วประเทศ,นอกเขตเทศบาล,226.73,พันคน,สำนักงานสถิติแห่งชาติ
2561,ไตรมาส 1,ทั่วประเทศ,นอกเขตเทศบาล,263.61,พันคน,สำนักงานสถิติแห่งชาติ
2561,ไตรมาส 2,ทั่วประเทศ,นอกเขตเทศบาล,226.94,พันคน,สำนักงานสถิติแห่งชาติ
2561,ไตรมาส 3,ทั่วประเทศ,นอกเขตเทศบาล,188.87,พันคน,สำนักงานสถิติแห่งชาติ
2561,ไตรมาส 4,ทั่วประเทศ,นอกเขตเทศบาล,201.54,พันคน,สำนักงานสถิติแห่งชาติ
2562,ไตรมาส 1,ทั่วประเทศ,นอกเขตเทศบาล,192.45,พันคน,สำนักงานสถิติแห่งชาติ
2562,ไตรมาส 2,ทั่วประเทศ,นอกเขตเทศบาล,205.06,พันคน,สำนักงานสถิติแห่งชาติ
2562,ไตรมาส 3,ทั่วประเทศ,นอกเขตเทศบาล,191.39,พันคน,สำนักงานสถิติแห่งชาติ
2562,ไตรมาส 4,ทั่วประเทศ,นอกเขตเทศบาล,229.50,พันคน,สำนักงานสถิติแห่งชาติ
2563,ไตรมาส 1,ทั่วประเทศ,นอกเขตเทศบาล,223.24,พันคน,สำนักงานสถิติแห่งชาติ
2563,ไตรมาส 2,ทั่วประเทศ,นอกเขตเทศบาล,384.18,พันคน,สำนักงานสถิติแห่งชาติ
2563,ไตรมาส 3,ทั่วประเทศ,นอกเขตเทศบาล,368.28,พันคน,สำนักงานสถิติแห่งชาติ
2563,ไตรมาส 4,ทั่วประเทศ,นอกเขตเทศบาล,356.22,พันคน,สำนักงานสถิติแห่งชาติ
2560,ไตรมาส 3,ทั่วประเทศ,ในเขตเทศบาล,205.30,พันคน,สำนักงานสถิติแห่งชาติ
2555,ไตรมาส 1,กรุงเทพมหานคร,ในเขตเทศบาล,28.04,พันคน,สำนักงานสถิติแห่งชาติ
2555,ไตรมาส 2,กรุงเทพมหานคร,ในเขตเทศบาล,28.10,พันคน,สำนักงานสถิติแห่งชาติ
2555,ไตรมาส 3,กรุงเทพมหานคร,ในเขตเทศบาล,25.70,พันคน,สำนักงานสถิติแห่งชาติ
2555,ไตรมาส 4,กรุงเทพมหานคร,ในเขตเทศบาล,17.00,พันคน,สำนักงานสถิติแห่งชาติ
2556,ไตรมาส 1,กรุงเทพมหานคร,ในเขตเทศบาล,28.96,พันคน,สำนักงานสถิติแห่งชาติ
2556,ไตรมาส 2,กรุงเทพมหานคร,ในเขตเทศบาล,28.20,พันคน,สำนักงานสถิติแห่งชาติ
2556,ไตรมาส 3,กรุงเทพมหานคร,ในเขตเทศบาล,30.75,พันคน,สำนักงานสถิติแห่งชาติ
2556,ไตรมาส 4,กรุงเทพมหานคร,ในเขตเทศบาล,25.62,พันคน,สำนักงานสถิติแห่งชาติ
2557,ไตรมาส 1,กรุงเทพมหานคร,ในเขตเทศบาล,44.92,พันคน,สำนักงานสถิติแห่งชาติ
2557,ไตรมาส 2,กรุงเทพมหานคร,ในเขตเทศบาล,48.80,พันคน,สำนักงานสถิติแห่งชาติ
2557,ไตรมาส 3,กรุงเทพมหานคร,ในเขตเทศบาล,40.34,พันคน,สำนักงานสถิติแห่งชาติ
2557,ไตรมาส 4,กรุงเทพมหานคร,ในเขตเทศบาล,33.80,พันคน,สำนักงานสถิติแห่งชาติ
2558,ไตรมาส 1,กรุงเทพมหานคร,ในเขตเทศบาล,57.50,พันคน,สำนักงานสถิติแห่งชาติ
2558,ไตรมาส 2,กรุงเทพมหานคร,ในเขตเทศบาล,46.40,พันคน,สำนักงานสถิติแห่งชาติ
2558,ไตรมาส 3,กรุงเทพมหานคร,ในเขตเทศบาล,53.60,พันคน,สำนักงานสถิติแห่งชาติ
2558,ไตรมาส 4,กรุงเทพมหานคร,ในเขตเทศบาล,47.06,พันคน,สำนักงานสถิติแห่งชาติ
2559,ไตรมาส 1,กรุงเทพมหานคร,ในเขตเทศบาล,39.40,พันคน,สำนักงานสถิติแห่งชาติ
2559,ไตรมาส 2,กรุงเทพมหานคร,ในเขตเทศบาล,64.60,พันคน,สำนักงานสถิติแห่งชาติ
2559,ไตรมาส 3,กรุงเทพมหานคร,ในเขตเทศบาล,45.40,พันคน,สำนักงานสถิติแห่งชาติ
2559,ไตรมาส 4,กรุงเทพมหานคร,ในเขตเทศบาล,37.70,พันคน,สำนักงานสถิติแห่งชาติ
2560,ไตรมาส 1,กรุงเทพมหานคร,ในเขตเทศบาล,53.15,พันคน,สำนักงานสถิติแห่งชาติ
2560,ไตรมาส 2,กรุงเทพมหานคร,ในเขตเทศบาล,65.57,พันคน,สำนักงานสถิติแห่งชาติ
2560,ไตรมาส 3,กรุงเทพมหานคร,ในเขตเทศบาล,72.62,พันคน,สำนักงานสถิติแห่งชาติ
2560,ไตรมาส 4,กรุงเทพมหานคร,ในเขตเทศบาล,61.76,พันคน,สำนักงานสถิติแห่งชาติ
2561,ไตรมาส 1,กรุงเทพมหานคร,ในเขตเทศบาล,62.06,พันคน,สำนักงานสถิติแห่งชาติ
2561,ไตรมาส 2,กรุงเทพมหานคร,ในเขตเทศบาล,60.92,พันคน,สำนักงานสถิติแห่งชาติ
2561,ไตรมาส 3,กรุงเทพมหานคร,ในเขตเทศบาล,63.84,พันคน,สำนักงานสถิติแห่งชาติ
2561,ไตรมาส 4,กรุงเทพมหานคร,ในเขตเทศบาล,38.98,พันคน,สำนักงานสถิติแห่งชาติ
2562,ไตรมาส 1,กรุงเทพมหานคร,ในเขตเทศบาล,42.05,พันคน,สำนักงานสถิติแห่งชาติ
2562,ไตรมาส 2,กรุงเทพมหานคร,ในเขตเทศบาล,49.73,พันคน,สำนักงานสถิติแห่งชาติ
2562,ไตรมาส 3,กรุงเทพมหานคร,ในเขตเทศบาล,61.10,พันคน,สำนักงานสถิติแห่งชาติ
2562,ไตรมาส 4,กรุงเทพมหานคร,ในเขตเทศบาล,32.31,พันคน,สำนักงานสถิติแห่งชาติ
2563,ไตรมาส 1,กรุงเทพมหานคร,ในเขตเทศบาล,47.87,พันคน,สำนักงานสถิติแห่งชาติ
2563,ไตรมาส 2,กรุงเทพมหานคร,ในเขตเทศบาล,90.03,พันคน,สำนักงานสถิติแห่งชาติ
2563,ไตรมาส 3,กรุงเทพมหานคร,ในเขตเทศบาล,110.40,พันคน,สำนักงานสถิติแห่งชาติ
2563,ไตรมาส 4,กรุงเทพมหานคร,ในเขตเทศบาล,132.05,พันคน,สำนักงานสถิติแห่งชาติ
2555,ไตรมาส 1,ภาคกลาง,รวม,63.94,พันคน,สำนักงานสถิติแห่งชาติ
2555,ไตรมาส 2,ภาคกลาง,รวม,77.16,พันคน,สำนักงานสถิติแห่งชาติ
2555,ไตรมาส 3,ภาคกลาง,รวม,62.30,พันคน,สำนักงานสถิติแห่งชาติ
2555,ไตรมาส 4,ภาคกลาง,รวม,58.52,พันคน,สำนักงานสถิติแห่งชาติ
2556,ไตรมาส 1,ภาคกลาง,รวม,58.84,พันคน,สำนักงานสถิติแห่งชาติ
2556,ไตรมาส 2,ภาคกลาง,รวม,78.70,พันคน,สำนักงานสถิติแห่งชาติ
2556,ไตรมาส 3,ภาคกลาง,รวม,80.99,พันคน,สำนักงานสถิติแห่งชาติ
2556,ไตรมาส 4,ภาคกลาง,รวม,69.18,พันคน,สำนักงานสถิติแห่งชาติ
2557,ไตรมาส 1,ภาคกลาง,รวม,98.56,พันคน,สำนักงานสถิติแห่งชาติ
2557,ไตรมาส 2,ภาคกลาง,รวม,125.39,พันคน,สำนักงานสถิติแห่งชาติ
2557,ไตรมาส 3,ภาคกลาง,รวม,101.45,พันคน,สำนักงานสถิติแห่งชาติ
2557,ไตรมาส 4,ภาคกลาง,รวม,71.83,พันคน,สำนักงานสถิติแห่งชาติ
2558,ไตรมาส 1,ภาคกลาง,รวม,119.99,พันคน,สำนักงานสถิติแห่งชาติ
2558,ไตรมาส 2,ภาคกลาง,รวม,94.56,พันคน,สำนักงานสถิติแห่งชาติ
2558,ไตรมาส 3,ภาคกลาง,รวม,115.34,พันคน,สำนักงานสถิติแห่งชาติ
2558,ไตรมาส 4,ภาคกลาง,รวม,103.95,พันคน,สำนักงานสถิติแห่งชาติ
2559,ไตรมาส 1,ภาคกลาง,รวม,120.98,พันคน,สำนักงานสถิติแห่งชาติ
2559,ไตรมาส 2,ภาคกลาง,รวม,112.41,พันคน,สำนักงานสถิติแห่งชาติ
2559,ไตรมาส 3,ภาคกลาง,รวม,112.76,พันคน,สำนักงานสถิติแห่งชาติ
2559,ไตรมาส 4,ภาคกลาง,รวม,110.28,พันคน,สำนักงานสถิติแห่งชาติ
2560,ไตรมาส 1,ภาคกลาง,รวม,123.18,พันคน,สำนักงานสถิติแห่งชาติ
2560,ไตรมาส 2,ภาคกลาง,รวม,130.98,พันคน,สำนักงานสถิติแห่งชาติ
2560,ไตรมาส 3,ภาคกลาง,รวม,121.27,พันคน,สำนักงานสถิติแห่งชาติ
2560,ไตรมาส 4,ภาคกลาง,รวม,113.55,พันคน,สำนักงานสถิติแห่งชาติ
2561,ไตรมาส 1,ภาคกลาง,รวม,131.16,พันคน,สำนักงานสถิติแห่งชาติ
2561,ไตรมาส 2,ภาคกลาง,รวม,108.56,พันคน,สำนักงานสถิติแห่งชาติ
2561,ไตรมาส 3,ภาคกลาง,รวม,126.29,พันคน,สำนักงานสถิติแห่งชาติ
2561,ไตรมาส 4,ภาคกลาง,รวม,119.60,พันคน,สำนักงานสถิติแห่งชาติ
2562,ไตรมาส 1,ภาคกลาง,รวม,102.78,พันคน,สำนักงานสถิติแห่งชาติ
2562,ไตรมาส 2,ภาคกลาง,รวม,127.40,พันคน,สำนักงานสถิติแห่งชาติ
2562,ไตรมาส 3,ภาคกลาง,รวม,137.44,พันคน,สำนักงานสถิติแห่งชาติ
2562,ไตรมาส 4,ภาคกลาง,รวม,106.05,พันคน,สำนักงานสถิติแห่งชาติ
2563,ไตรมาส 1,ภาคกลาง,รวม,135.34,พันคน,สำนักงานสถิติแห่งชาติ
2563,ไตรมาส 2,ภาคกลาง,รวม,245.75,พันคน,สำนักงานสถิติแห่งชาติ
2563,ไตรมาส 3,ภาคกลาง,รวม,231.78,พันคน,สำนักงานสถิติแห่งชาติ
2563,ไตรมาส 4,ภาคกลาง,รวม,224.49,พันคน,สำนักงานสถิติแห่งชาติ
2555,ไตรมาส 1,ภาคกลาง,ในเขตเทศบาล,26.98,พันคน,สำนักงานสถิติแห่งชาติ
2555,ไตรมาส 2,ภาคกลาง,ในเขตเทศบาล,31.71,พันคน,สำนักงานสถิติแห่งชาติ
2555,ไตรมาส 3,ภาคกลาง,ในเขตเทศบาล,27.70,พันคน,สำนักงานสถิติแห่งชาติ
2555,ไตรมาส 4,ภาคกลาง,ในเขตเทศบาล,24.38,พันคน,สำนักงานสถิติแห่งชาติ
2556,ไตรมาส 1,ภาคกลาง,ในเขตเทศบาล,23.67,พันคน,สำนักงานสถิติแห่งชาติ
2556,ไตรมาส 2,ภาคกลาง,ในเขตเทศบาล,31.43,พันคน,สำนักงานสถิติแห่งชาติ
2556,ไตรมาส 3,ภาคกลาง,ในเขตเทศบาล,28.37,พันคน,สำนักงานสถิติแห่งชาติ
2556,ไตรมาส 4,ภาคกลาง,ในเขตเทศบาล,24.23,พันคน,สำนักงานสถิติแห่งชาติ
2557,ไตรมาส 1,ภาคกลาง,ในเขตเทศบาล,49.68,พันคน,สำนักงานสถิติแห่งชาติ
2557,ไตรมาส 2,ภาคกลาง,ในเขตเทศบาล,69.30,พันคน,สำนักงานสถิติแห่งชาติ
2557,ไตรมาส 3,ภาคกลาง,ในเขตเทศบาล,45.89,พันคน,สำนักงานสถิติแห่งชาติ
2557,ไตรมาส 4,ภาคกลาง,ในเขตเทศบาล,33.84,พันคน,สำนักงานสถิติแห่งชาติ
2558,ไตรมาส 1,ภาคกลาง,ในเขตเทศบาล,51.07,พันคน,สำนักงานสถิติแห่งชาติ
2558,ไตรมาส 2,ภาคกลาง,ในเขตเทศบาล,50.36,พันคน,สำนักงานสถิติแห่งชาติ
2558,ไตรมาส 3,ภาคกลาง,ในเขตเทศบาล,58.23,พันคน,สำนักงานสถิติแห่งชาติ
2558,ไตรมาส 4,ภาคกลาง,ในเขตเทศบาล,50.04,พันคน,สำนักงานสถิติแห่งชาติ
2559,ไตรมาส 1,ภาคกลาง,ในเขตเทศบาล,64.45,พันคน,สำนักงานสถิติแห่งชาติ
2559,ไตรมาส 2,ภาคกลาง,ในเขตเทศบาล,49.00,พันคน,สำนักงานสถิติแห่งชาติ
2559,ไตรมาส 3,ภาคกลาง,ในเขตเทศบาล,51.35,พันคน,สำนักงานสถิติแห่งชาติ
2559,ไตรมาส 4,ภาคกลาง,ในเขตเทศบาล,56.73,พันคน,สำนักงานสถิติแห่งชาติ
2560,ไตรมาส 1,ภาคกลาง,ในเขตเทศบาล,66.74,พันคน,สำนักงานสถิติแห่งชาติ
2560,ไตรมาส 2,ภาคกลาง,ในเขตเทศบาล,62.45,พันคน,สำนักงานสถิติแห่งชาติ
2560,ไตรมาส 3,ภาคกลาง,ในเขตเทศบาล,53.20,พันคน,สำนักงานสถิติแห่งชาติ
2560,ไตรมาส 4,ภาคกลาง,ในเขตเทศบาล,55.31,พันคน,สำนักงานสถิติแห่งชาติ
2561,ไตรมาส 1,ภาคกลาง,ในเขตเทศบาล,58.20,พันคน,สำนักงานสถิติแห่งชาติ
2561,ไตรมาส 2,ภาคกลาง,ในเขตเทศบาล,50.99,พันคน,สำนักงานสถิติแห่งชาติ
2561,ไตรมาส 3,ภาคกลาง,ในเขตเทศบาล,55.53,พันคน,สำนักงานสถิติแห่งชาติ
2561,ไตรมาส 4,ภาคกลาง,ในเขตเทศบาล,51.64,พันคน,สำนักงานสถิติแห่งชาติ
2562,ไตรมาส 1,ภาคกลาง,ในเขตเทศบาล,46.92,พันคน,สำนักงานสถิติแห่งชาติ
2562,ไตรมาส 2,ภาคกลาง,ในเขตเทศบาล,58.20,พันคน,สำนักงานสถิติแห่งชาติ
2562,ไตรมาส 3,ภาคกลาง,ในเขตเทศบาล,70.19,พันคน,สำนักงานสถิติแห่งชาติ
2562,ไตรมาส 4,ภาคกลาง,ในเขตเทศบาล,46.00,พันคน,สำนักงานสถิติแห่งชาติ
2563,ไตรมาส 1,ภาคกลาง,ในเขตเทศบาล,61.95,พันคน,สำนักงานสถิติแห่งชาติ
2563,ไตรมาส 2,ภาคกลาง,ในเขตเทศบาล,128.34,พันคน,สำนักงานสถิติแห่งชาติ
2563,ไตรมาส 3,ภาคกลาง,ในเขตเทศบาล,115.02,พันคน,สำนักงานสถิติแห่งชาติ
2563,ไตรมาส 4,ภาคกลาง,ในเขตเทศบาล,104.38,พันคน,สำนักงานสถิติแห่งชาติ
2555,ไตรมาส 1,ภาคกลาง,นอกเขตเทศบาล,36.97,พันคน,สำนักงานสถิติแห่งชาติ
2555,ไตรมาส 2,ภาคกลาง,นอกเขตเทศบาล,45.45,พันคน,สำนักงานสถิติแห่งชาติ
2555,ไตรมาส 3,ภาคกลาง,นอกเขตเทศบาล,34.60,พันคน,สำนักงานสถิติแห่งชาติ
2555,ไตรมาส 4,ภาคกลาง,นอกเขตเทศบาล,34.14,พันคน,สำนักงานสถิติแห่งชาติ
2556,ไตรมาส 1,ภาคกลาง,นอกเขตเทศบาล,35.17,พันคน,สำนักงานสถิติแห่งชาติ
2556,ไตรมาส 2,ภาคกลาง,นอกเขตเทศบาล,47.27,พันคน,สำนักงานสถิติแห่งชาติ
2556,ไตรมาส 3,ภาคกลาง,นอกเขตเทศบาล,52.62,พันคน,สำนักงานสถิติแห่งชาติ
2556,ไตรมาส 4,ภาคกลาง,นอกเขตเทศบาล,44.95,พันคน,สำนักงานสถิติแห่งชาติ
2557,ไตรมาส 1,ภาคกลาง,นอกเขตเทศบาล,48.89,พันคน,สำนักงานสถิติแห่งชาติ
2557,ไตรมาส 2,ภาคกลาง,นอกเขตเทศบาล,56.09,พันคน,สำนักงานสถิติแห่งชาติ
2557,ไตรมาส 3,ภาคกลาง,นอกเขตเทศบาล,55.56,พันคน,สำนักงานสถิติแห่งชาติ
2557,ไตรมาส 4,ภาคกลาง,นอกเขตเทศบาล,37.99,พันคน,สำนักงานสถิติแห่งชาติ
2558,ไตรมาส 1,ภาคกลาง,นอกเขตเทศบาล,68.92,พันคน,สำนักงานสถิติแห่งชาติ
2558,ไตรมาส 2,ภาคกลาง,นอกเขตเทศบาล,44.21,พันคน,สำนักงานสถิติแห่งชาติ
2558,ไตรมาส 3,ภาคกลาง,นอกเขตเทศบาล,57.11,พันคน,สำนักงานสถิติแห่งชาติ
2558,ไตรมาส 4,ภาคกลาง,นอกเขตเทศบาล,53.90,พันคน,สำนักงานสถิติแห่งชาติ
2559,ไตรมาส 1,ภาคกลาง,นอกเขตเทศบาล,56.53,พันคน,สำนักงานสถิติแห่งชาติ
2559,ไตรมาส 2,ภาคกลาง,นอกเขตเทศบาล,63.41,พันคน,สำนักงานสถิติแห่งชาติ
2559,ไตรมาส 3,ภาคกลาง,นอกเขตเทศบาล,61.42,พันคน,สำนักงานสถิติแห่งชาติ
2559,ไตรมาส 4,ภาคกลาง,นอกเขตเทศบาล,53.55,พันคน,สำนักงานสถิติแห่งชาติ
2560,ไตรมาส 1,ภาคกลาง,นอกเขตเทศบาล,56.44,พันคน,สำนักงานสถิติแห่งชาติ
2560,ไตรมาส 2,ภาคกลาง,นอกเขตเทศบาล,68.53,พันคน,สำนักงานสถิติแห่งชาติ
2560,ไตรมาส 3,ภาคกลาง,นอกเขตเทศบาล,68.07,พันคน,สำนักงานสถิติแห่งชาติ
2560,ไตรมาส 4,ภาคกลาง,นอกเขตเทศบาล,58.24,พันคน,สำนักงานสถิติแห่งชาติ
2561,ไตรมาส 1,ภาคกลาง,นอกเขตเทศบาล,72.96,พันคน,สำนักงานสถิติแห่งชาติ
2561,ไตรมาส 2,ภาคกลาง,นอกเขตเทศบาล,57.57,พันคน,สำนักงานสถิติแห่งชาติ
2561,ไตรมาส 3,ภาคกลาง,นอกเขตเทศบาล,70.77,พันคน,สำนักงานสถิติแห่งชาติ
2561,ไตรมาส 4,ภาคกลาง,นอกเขตเทศบาล,67.96,พันคน,สำนักงานสถิติแห่งชาติ
2562,ไตรมาส 1,ภาคกลาง,นอกเขตเทศบาล,55.86,พันคน,สำนักงานสถิติแห่งชาติ
2562,ไตรมาส 2,ภาคกลาง,นอกเขตเทศบาล,69.20,พันคน,สำนักงานสถิติแห่งชาติ
2562,ไตรมาส 3,ภาคกลาง,นอกเขตเทศบาล,67.25,พันคน,สำนักงานสถิติแห่งชาติ
2562,ไตรมาส 4,ภาคกลาง,นอกเขตเทศบาล,60.04,พันคน,สำนักงานสถิติแห่งชาติ
2563,ไตรมาส 1,ภาคกลาง,นอกเขตเทศบาล,73.40,พันคน,สำนักงานสถิติแห่งชาติ
2563,ไตรมาส 2,ภาคกลาง,นอกเขตเทศบาล,117.40,พันคน,สำนักงานสถิติแห่งชาติ
2563,ไตรมาส 3,ภาคกลาง,นอกเขตเทศบาล,116.76,พันคน,สำนักงานสถิติแห่งชาติ
2563,ไตรมาส 4,ภาคกลาง,นอกเขตเทศบาล,120.11,พันคน,สำนักงานสถิติแห่งชาติ
2555,ไตรมาส 1,ภาคเหนือ,รวม,48.76,พันคน,สำนักงานสถิติแห่งชาติ
2555,ไตรมาส 2,ภาคเหนือ,รวม,65.01,พันคน,สำนักงานสถิติแห่งชาติ
2555,ไตรมาส 3,ภาคเหนือ,รวม,41.60,พันคน,สำนักงานสถิติแห่งชาติ
2555,ไตรมาส 4,ภาคเหนือ,รวม,25.69,พันคน,สำนักงานสถิติแห่งชาติ
2556,ไตรมาส 1,ภาคเหนือ,รวม,30.77,พันคน,สำนักงานสถิติแห่งชาติ
2556,ไตรมาส 2,ภาคเหนือ,รวม,39.57,พันคน,สำนักงานสถิติแห่งชาติ
2556,ไตรมาส 3,ภาคเหนือ,รวม,49.53,พันคน,สำนักงานสถิติแห่งชาติ
2556,ไตรมาส 4,ภาคเหนือ,รวม,46.23,พันคน,สำนักงานสถิติแห่งชาติ
2557,ไตรมาส 1,ภาคเหนือ,รวม,44.86,พันคน,สำนักงานสถิติแห่งชาติ
2557,ไตรมาส 2,ภาคเหนือ,รวม,55.15,พันคน,สำนักงานสถิติแห่งชาติ
2557,ไตรมาส 3,ภาคเหนือ,รวม,48.91,พันคน,สำนักงานสถิติแห่งชาติ
2557,ไตรมาส 4,ภาคเหนือ,รวม,38.67,พันคน,สำนักงานสถิติแห่งชาติ
2558,ไตรมาส 1,ภาคเหนือ,รวม,52.23,พันคน,สำนักงานสถิติแห่งชาติ
2558,ไตรมาส 2,ภาคเหนือ,รวม,49.66,พันคน,สำนักงานสถิติแห่งชาติ
2558,ไตรมาส 3,ภาคเหนือ,รวม,49.18,พันคน,สำนักงานสถิติแห่งชาติ
2558,ไตรมาส 4,ภาคเหนือ,รวม,47.73,พันคน,สำนักงานสถิติแห่งชาติ
2559,ไตรมาส 1,ภาคเหนือ,รวม,62.50,พันคน,สำนักงานสถิติแห่งชาติ
2559,ไตรมาส 2,ภาคเหนือ,รวม,54.30,พันคน,สำนักงานสถิติแห่งชาติ
2559,ไตรมาส 3,ภาคเหนือ,รวม,63.60,พันคน,สำนักงานสถิติแห่งชาติ
2559,ไตรมาส 4,ภาคเหนือ,รวม,63.02,พันคน,สำนักงานสถิติแห่งชาติ
2560,ไตรมาส 1,ภาคเหนือ,รวม,64.13,พันคน,สำนักงานสถิติแห่งชาติ
2560,ไตรมาส 2,ภาคเหนือ,รวม,72.62,พันคน,สำนักงานสถิติแห่งชาติ
2560,ไตรมาส 3,ภาคเหนือ,รวม,61.38,พันคน,สำนักงานสถิติแห่งชาติ
2560,ไตรมาส 4,ภาคเหนือ,รวม,58.43,พันคน,สำนักงานสถิติแห่งชาติ
2561,ไตรมาส 1,ภาคเหนือ,รวม,69.12,พันคน,สำนักงานสถิติแห่งชาติ
2561,ไตรมาส 2,ภาคเหนือ,รวม,63.96,พันคน,สำนักงานสถิติแห่งชาติ
2561,ไตรมาส 3,ภาคเหนือ,รวม,58.73,พันคน,สำนักงานสถิติแห่งชาติ
2561,ไตรมาส 4,ภาคเหนือ,รวม,54.53,พันคน,สำนักงานสถิติแห่งชาติ
2562,ไตรมาส 1,ภาคเหนือ,รวม,52.73,พันคน,สำนักงานสถิติแห่งชาติ
2562,ไตรมาส 2,ภาคเหนือ,รวม,61.80,พันคน,สำนักงานสถิติแห่งชาติ
2562,ไตรมาส 3,ภาคเหนือ,รวม,54.50,พันคน,สำนักงานสถิติแห่งชาติ
2562,ไตรมาส 4,ภาคเหนือ,รวม,58.67,พันคน,สำนักงานสถิติแห่งชาติ
2563,ไตรมาส 1,ภาคเหนือ,รวม,53.07,พันคน,สำนักงานสถิติแห่งชาติ
2563,ไตรมาส 2,ภาคเหนือ,รวม,127.92,พันคน,สำนักงานสถิติแห่งชาติ
2563,ไตรมาส 3,ภาคเหนือ,รวม,93.55,พันคน,สำนักงานสถิติแห่งชาติ
2563,ไตรมาส 4,ภาคเหนือ,รวม,84.67,พันคน,สำนักงานสถิติแห่งชาติ
2555,ไตรมาส 1,ภาคเหนือ,ในเขตเทศบาล,11.93,พันคน,สำนักงานสถิติแห่งชาติ
2555,ไตรมาส 2,ภาคเหนือ,ในเขตเทศบาล,14.37,พันคน,สำนักงานสถิติแห่งชาติ
2555,ไตรมาส 3,ภาคเหนือ,ในเขตเทศบาล,11.30,พันคน,สำนักงานสถิติแห่งชาติ
2555,ไตรมาส 4,ภาคเหนือ,ในเขตเทศบาล,9.96,พันคน,สำนักงานสถิติแห่งชาติ
2556,ไตรมาส 1,ภาคเหนือ,ในเขตเทศบาล,11.36,พันคน,สำนักงานสถิติแห่งชาติ
2556,ไตรมาส 2,ภาคเหนือ,ในเขตเทศบาล,9.94,พันคน,สำนักงานสถิติแห่งชาติ
2556,ไตรมาส 3,ภาคเหนือ,ในเขตเทศบาล,14.90,พันคน,สำนักงานสถิติแห่งชาติ
2556,ไตรมาส 4,ภาคเหนือ,ในเขตเทศบาล,13.96,พันคน,สำนักงานสถิติแห่งชาติ
2557,ไตรมาส 1,ภาคเหนือ,ในเขตเทศบาล,16.05,พันคน,สำนักงานสถิติแห่งชาติ
2557,ไตรมาส 2,ภาคเหนือ,ในเขตเทศบาล,23.63,พันคน,สำนักงานสถิติแห่งชาติ
2557,ไตรมาส 3,ภาคเหนือ,ในเขตเทศบาล,18.96,พันคน,สำนักงานสถิติแห่งชาติ
2557,ไตรมาส 4,ภาคเหนือ,ในเขตเทศบาล,16.83,พันคน,สำนักงานสถิติแห่งชาติ
2558,ไตรมาส 1,ภาคเหนือ,ในเขตเทศบาล,20.47,พันคน,สำนักงานสถิติแห่งชาติ
2558,ไตรมาส 2,ภาคเหนือ,ในเขตเทศบาล,22.69,พันคน,สำนักงานสถิติแห่งชาติ
2558,ไตรมาส 3,ภาคเหนือ,ในเขตเทศบาล,13.87,พันคน,สำนักงานสถิติแห่งชาติ
2558,ไตรมาส 4,ภาคเหนือ,ในเขตเทศบาล,17.21,พันคน,สำนักงานสถิติแห่งชาติ
2559,ไตรมาส 1,ภาคเหนือ,ในเขตเทศบาล,19.17,พันคน,สำนักงานสถิติแห่งชาติ
2559,ไตรมาส 2,ภาคเหนือ,ในเขตเทศบาล,23.77,พันคน,สำนักงานสถิติแห่งชาติ
2559,ไตรมาส 3,ภาคเหนือ,ในเขตเทศบาล,21.33,พันคน,สำนักงานสถิติแห่งชาติ
2559,ไตรมาส 4,ภาคเหนือ,ในเขตเทศบาล,18.33,พันคน,สำนักงานสถิติแห่งชาติ
2560,ไตรมาส 1,ภาคเหนือ,ในเขตเทศบาล,26.84,พันคน,สำนักงานสถิติแห่งชาติ
2560,ไตรมาส 2,ภาคเหนือ,ในเขตเทศบาล,32.09,พันคน,สำนักงานสถิติแห่งชาติ
2560,ไตรมาส 3,ภาคเหนือ,ในเขตเทศบาล,26.80,พันคน,สำนักงานสถิติแห่งชาติ
2560,ไตรมาส 4,ภาคเหนือ,ในเขตเทศบาล,20.67,พันคน,สำนักงานสถิติแห่งชาติ
2561,ไตรมาส 1,ภาคเหนือ,ในเขตเทศบาล,22.74,พันคน,สำนักงานสถิติแห่งชาติ
2561,ไตรมาส 2,ภาคเหนือ,ในเขตเทศบาล,22.32,พันคน,สำนักงานสถิติแห่งชาติ
2561,ไตรมาส 3,ภาคเหนือ,ในเขตเทศบาล,23.36,พันคน,สำนักงานสถิติแห่งชาติ
2561,ไตรมาส 4,ภาคเหนือ,ในเขตเทศบาล,20.73,พันคน,สำนักงานสถิติแห่งชาติ
2562,ไตรมาส 1,ภาคเหนือ,ในเขตเทศบาล,18.74,พันคน,สำนักงานสถิติแห่งชาติ
2562,ไตรมาส 2,ภาคเหนือ,ในเขตเทศบาล,20.00,พันคน,สำนักงานสถิติแห่งชาติ
2562,ไตรมาส 3,ภาคเหนือ,ในเขตเทศบาล,27.60,พันคน,สำนักงานสถิติแห่งชาติ
2562,ไตรมาส 4,ภาคเหนือ,ในเขตเทศบาล,19.49,พันคน,สำนักงานสถิติแห่งชาติ
2563,ไตรมาส 1,ภาคเหนือ,ในเขตเทศบาล,20.40,พันคน,สำนักงานสถิติแห่งชาติ
2563,ไตรมาส 2,ภาคเหนือ,ในเขตเทศบาล,51.56,พันคน,สำนักงานสถิติแห่งชาติ
2563,ไตรมาส 3,ภาคเหนือ,ในเขตเทศบาล,43.01,พันคน,สำนักงานสถิติแห่งชาติ
2563,ไตรมาส 4,ภาคเหนือ,ในเขตเทศบาล,39.52,พันคน,สำนักงานสถิติแห่งชาติ
2555,ไตรมาส 1,ภาคเหนือ,นอกเขตเทศบาล,36.83,พันคน,สำนักงานสถิติแห่งชาติ
2555,ไตรมาส 2,ภาคเหนือ,นอกเขตเทศบาล,50.63,พันคน,สำนักงานสถิติแห่งชาติ
2555,ไตรมาส 3,ภาคเหนือ,นอกเขตเทศบาล,30.30,พันคน,สำนักงานสถิติแห่งชาติ
2555,ไตรมาส 4,ภาคเหนือ,นอกเขตเทศบาล,15.73,พันคน,สำนักงานสถิติแห่งชาติ
2556,ไตรมาส 1,ภาคเหนือ,นอกเขตเทศบาล,19.41,พันคน,สำนักงานสถิติแห่งชาติ
2556,ไตรมาส 2,ภาคเหนือ,นอกเขตเทศบาล,29.64,พันคน,สำนักงานสถิติแห่งชาติ
2556,ไตรมาส 3,ภาคเหนือ,นอกเขตเทศบาล,34.63,พันคน,สำนักงานสถิติแห่งชาติ
2556,ไตรมาส 4,ภาคเหนือ,นอกเขตเทศบาล,32.27,พันคน,สำนักงานสถิติแห่งชาติ
2557,ไตรมาส 1,ภาคเหนือ,นอกเขตเทศบาล,28.81,พันคน,สำนักงานสถิติแห่งชาติ
2557,ไตรมาส 2,ภาคเหนือ,นอกเขตเทศบาล,31.52,พันคน,สำนักงานสถิติแห่งชาติ
2557,ไตรมาส 3,ภาคเหนือ,นอกเขตเทศบาล,29.95,พันคน,สำนักงานสถิติแห่งชาติ
2557,ไตรมาส 4,ภาคเหนือ,นอกเขตเทศบาล,21.84,พันคน,สำนักงานสถิติแห่งชาติ
2558,ไตรมาส 1,ภาคเหนือ,นอกเขตเทศบาล,31.76,พันคน,สำนักงานสถิติแห่งชาติ
2558,ไตรมาส 2,ภาคเหนือ,นอกเขตเทศบาล,26.96,พันคน,สำนักงานสถิติแห่งชาติ
2558,ไตรมาส 3,ภาคเหนือ,นอกเขตเทศบาล,35.32,พันคน,สำนักงานสถิติแห่งชาติ
2558,ไตรมาส 4,ภาคเหนือ,นอกเขตเทศบาล,30.51,พันคน,สำนักงานสถิติแห่งชาติ
2559,ไตรมาส 1,ภาคเหนือ,นอกเขตเทศบาล,43.33,พันคน,สำนักงานสถิติแห่งชาติ
2559,ไตรมาส 2,ภาคเหนือ,นอกเขตเทศบาล,30.54,พันคน,สำนักงานสถิติแห่งชาติ
2559,ไตรมาส 3,ภาคเหนือ,นอกเขตเทศบาล,42.27,พันคน,สำนักงานสถิติแห่งชาติ
2559,ไตรมาส 4,ภาคเหนือ,นอกเขตเทศบาล,44.69,พันคน,สำนักงานสถิติแห่งชาติ
2560,ไตรมาส 1,ภาคเหนือ,นอกเขตเทศบาล,37.29,พันคน,สำนักงานสถิติแห่งชาติ
2560,ไตรมาส 2,ภาคเหนือ,นอกเขตเทศบาล,40.53,พันคน,สำนักงานสถิติแห่งชาติ
2560,ไตรมาส 3,ภาคเหนือ,นอกเขตเทศบาล,34.57,พันคน,สำนักงานสถิติแห่งชาติ
2560,ไตรมาส 4,ภาคเหนือ,นอกเขตเทศบาล,37.76,พันคน,สำนักงานสถิติแห่งชาติ
2561,ไตรมาส 1,ภาคเหนือ,นอกเขตเทศบาล,46.38,พันคน,สำนักงานสถิติแห่งชาติ
2561,ไตรมาส 2,ภาคเหนือ,นอกเขตเทศบาล,41.64,พันคน,สำนักงานสถิติแห่งชาติ
2561,ไตรมาส 3,ภาคเหนือ,นอกเขตเทศบาล,35.37,พันคน,สำนักงานสถิติแห่งชาติ
2561,ไตรมาส 4,ภาคเหนือ,นอกเขตเทศบาล,33.81,พันคน,สำนักงานสถิติแห่งชาติ
2562,ไตรมาส 1,ภาคเหนือ,นอกเขตเทศบาล,33.99,พันคน,สำนักงานสถิติแห่งชาติ
2562,ไตรมาส 2,ภาคเหนือ,นอกเขตเทศบาล,41.10,พันคน,สำนักงานสถิติแห่งชาติ
2562,ไตรมาส 3,ภาคเหนือ,นอกเขตเทศบาล,26.90,พันคน,สำนักงานสถิติแห่งชาติ
2562,ไตรมาส 4,ภาคเหนือ,นอกเขตเทศบาล,39.18,พันคน,สำนักงานสถิติแห่งชาติ
2563,ไตรมาส 1,ภาคเหนือ,นอกเขตเทศบาล,32.67,พันคน,สำนักงานสถิติแห่งชาติ
2563,ไตรมาส 2,ภาคเหนือ,นอกเขตเทศบาล,76.36,พันคน,สำนักงานสถิติแห่งชาติ
2563,ไตรมาส 3,ภาคเหนือ,นอกเขตเทศบาล,50.55,พันคน,สำนักงานสถิติแห่งชาติ
2563,ไตรมาส 4,ภาคเหนือ,นอกเขตเทศบาล,45.15,พันคน,สำนักงานสถิติแห่งชาติ
2555,ไตรมาส 1,ภาคตะวันออกเฉียงเหนือ,รวม,106.31,พันคน,สำนักงานสถิติแห่งชาติ
2555,ไตรมาส 2,ภาคตะวันออกเฉียงเหนือ,รวม,115.20,พันคน,สำนักงานสถิติแห่งชาติ
2555,ไตรมาส 3,ภาคตะวันออกเฉียงเหนือ,รวม,62.40,พันคน,สำนักงานสถิติแห่งชาติ
2555,ไตรมาส 4,ภาคตะวันออกเฉียงเหนือ,รวม,59.10,พันคน,สำนักงานสถิติแห่งชาติ
2556,ไตรมาส 1,ภาคตะวันออกเฉียงเหนือ,รวม,107.08,พันคน,สำนักงานสถิติแห่งชาติ
2556,ไตรมาส 2,ภาคตะวันออกเฉียงเหนือ,รวม,90.44,พันคน,สำนักงานสถิติแห่งชาติ
2556,ไตรมาส 3,ภาคตะวันออกเฉียงเหนือ,รวม,78.66,พันคน,สำนักงานสถิติแห่งชาติ
2556,ไตรมาส 4,ภาคตะวันออกเฉียงเหนือ,รวม,73.33,พันคน,สำนักงานสถิติแห่งชาติ
2557,ไตรมาส 1,ภาคตะวันออกเฉียงเหนือ,รวม,97.27,พันคน,สำนักงานสถิติแห่งชาติ
2557,ไตรมาส 2,ภาคตะวันออกเฉียงเหนือ,รวม,90.53,พันคน,สำนักงานสถิติแห่งชาติ
2557,ไตรมาส 3,ภาคตะวันออกเฉียงเหนือ,รวม,68.43,พันคน,สำนักงานสถิติแห่งชาติ
2557,ไตรมาส 4,ภาคตะวันออกเฉียงเหนือ,รวม,41.33,พันคน,สำนักงานสถิติแห่งชาติ
2558,ไตรมาส 1,ภาคตะวันออกเฉียงเหนือ,รวม,75.61,พันคน,สำนักงานสถิติแห่งชาติ
2558,ไตรมาส 2,ภาคตะวันออกเฉียงเหนือ,รวม,93.53,พันคน,สำนักงานสถิติแห่งชาติ
2558,ไตรมาส 3,ภาคตะวันออกเฉียงเหนือ,รวม,79.33,พันคน,สำนักงานสถิติแห่งชาติ
2558,ไตรมาส 4,ภาคตะวันออกเฉียงเหนือ,รวม,52.26,พันคน,สำนักงานสถิติแห่งชาติ
2559,ไตรมาส 1,ภาคตะวันออกเฉียงเหนือ,รวม,84.27,พันคน,สำนักงานสถิติแห่งชาติ
2559,ไตรมาส 2,ภาคตะวันออกเฉียงเหนือ,รวม,97.03,พันคน,สำนักงานสถิติแห่งชาติ
2559,ไตรมาส 3,ภาคตะวันออกเฉียงเหนือ,รวม,81.63,พันคน,สำนักงานสถิติแห่งชาติ
2559,ไตรมาส 4,ภาคตะวันออกเฉียงเหนือ,รวม,79.37,พันคน,สำนักงานสถิติแห่งชาติ
2560,ไตรมาส 1,ภาคตะวันออกเฉียงเหนือ,รวม,147.58,พันคน,สำนักงานสถิติแห่งชาติ
2560,ไตรมาส 2,ภาคตะวันออกเฉียงเหนือ,รวม,110.74,พันคน,สำนักงานสถิติแห่งชาติ
2560,ไตรมาส 3,ภาคตะวันออกเฉียงเหนือ,รวม,116.12,พันคน,สำนักงานสถิติแห่งชาติ
2560,ไตรมาส 4,ภาคตะวันออกเฉียงเหนือ,รวม,90.13,พันคน,สำนักงานสถิติแห่งชาติ
2561,ไตรมาส 1,ภาคตะวันออกเฉียงเหนือ,รวม,124.29,พันคน,สำนักงานสถิติแห่งชาติ
2561,ไตรมาส 2,ภาคตะวันออกเฉียงเหนือ,รวม,95.78,พันคน,สำนักงานสถิติแห่งชาติ
2561,ไตรมาส 3,ภาคตะวันออกเฉียงเหนือ,รวม,63.83,พันคน,สำนักงานสถิติแห่งชาติ
2561,ไตรมาส 4,ภาคตะวันออกเฉียงเหนือ,รวม,73.75,พันคน,สำนักงานสถิติแห่งชาติ
2562,ไตรมาส 1,ภาคตะวันออกเฉียงเหนือ,รวม,75.93,พันคน,สำนักงานสถิติแห่งชาติ
2562,ไตรมาส 2,ภาคตะวันออกเฉียงเหนือ,รวม,72.67,พันคน,สำนักงานสถิติแห่งชาติ
2562,ไตรมาส 3,ภาคตะวันออกเฉียงเหนือ,รวม,65.84,พันคน,สำนักงานสถิติแห่งชาติ
2562,ไตรมาส 4,ภาคตะวันออกเฉียงเหนือ,รวม,79.45,พันคน,สำนักงานสถิติแห่งชาติ
2563,ไตรมาส 1,ภาคตะวันออกเฉียงเหนือ,รวม,79.39,พันคน,สำนักงานสถิติแห่งชาติ
2563,ไตรมาส 2,ภาคตะวันออกเฉียงเหนือ,รวม,167.99,พันคน,สำนักงานสถิติแห่งชาติ
2563,ไตรมาส 3,ภาคตะวันออกเฉียงเหนือ,รวม,153.49,พันคน,สำนักงานสถิติแห่งชาติ
2563,ไตรมาส 4,ภาคตะวันออกเฉียงเหนือ,รวม,126.78,พันคน,สำนักงานสถิติแห่งชาติ
2555,ไตรมาส 1,ภาคตะวันออกเฉียงเหนือ,ในเขตเทศบาล,16.13,พันคน,สำนักงานสถิติแห่งชาติ
2555,ไตรมาส 2,ภาคตะวันออกเฉียงเหนือ,ในเขตเทศบาล,22.80,พันคน,สำนักงานสถิติแห่งชาติ
2555,ไตรมาส 3,ภาคตะวันออกเฉียงเหนือ,ในเขตเทศบาล,14.50,พันคน,สำนักงานสถิติแห่งชาติ
2555,ไตรมาส 4,ภาคตะวันออกเฉียงเหนือ,ในเขตเทศบาล,18.00,พันคน,สำนักงานสถิติแห่งชาติ
2556,ไตรมาส 1,ภาคตะวันออกเฉียงเหนือ,ในเขตเทศบาล,18.43,พันคน,สำนักงานสถิติแห่งชาติ
2556,ไตรมาส 2,ภาคตะวันออกเฉียงเหนือ,ในเขตเทศบาล,15.63,พันคน,สำนักงานสถิติแห่งชาติ
2556,ไตรมาส 3,ภาคตะวันออกเฉียงเหนือ,ในเขตเทศบาล,21.79,พันคน,สำนักงานสถิติแห่งชาติ
2556,ไตรมาส 4,ภาคตะวันออกเฉียงเหนือ,ในเขตเทศบาล,20.43,พันคน,สำนักงานสถิติแห่งชาติ
2557,ไตรมาส 1,ภาคตะวันออกเฉียงเหนือ,ในเขตเทศบาล,19.31,พันคน,สำนักงานสถิติแห่งชาติ
2557,ไตรมาส 2,ภาคตะวันออกเฉียงเหนือ,ในเขตเทศบาล,18.86,พันคน,สำนักงานสถิติแห่งชาติ
2557,ไตรมาส 3,ภาคตะวันออกเฉียงเหนือ,ในเขตเทศบาล,21.06,พันคน,สำนักงานสถิติแห่งชาติ
2557,ไตรมาส 4,ภาคตะวันออกเฉียงเหนือ,ในเขตเทศบาล,14.33,พันคน,สำนักงานสถิติแห่งชาติ
2558,ไตรมาส 1,ภาคตะวันออกเฉียงเหนือ,ในเขตเทศบาล,17.56,พันคน,สำนักงานสถิติแห่งชาติ
2558,ไตรมาส 2,ภาคตะวันออกเฉียงเหนือ,ในเขตเทศบาล,26.93,พันคน,สำนักงานสถิติแห่งชาติ
2558,ไตรมาส 3,ภาคตะวันออกเฉียงเหนือ,ในเขตเทศบาล,19.79,พันคน,สำนักงานสถิติแห่งชาติ
2558,ไตรมาส 4,ภาคตะวันออกเฉียงเหนือ,ในเขตเทศบาล,13.51,พันคน,สำนักงานสถิติแห่งชาติ
2559,ไตรมาส 1,ภาคตะวันออกเฉียงเหนือ,ในเขตเทศบาล,22.27,พันคน,สำนักงานสถิติแห่งชาติ
2559,ไตรมาส 2,ภาคตะวันออกเฉียงเหนือ,ในเขตเทศบาล,18.16,พันคน,สำนักงานสถิติแห่งชาติ
2559,ไตรมาส 3,ภาคตะวันออกเฉียงเหนือ,ในเขตเทศบาล,23.36,พันคน,สำนักงานสถิติแห่งชาติ
2559,ไตรมาส 4,ภาคตะวันออกเฉียงเหนือ,ในเขตเทศบาล,26.67,พันคน,สำนักงานสถิติแห่งชาติ
2560,ไตรมาส 1,ภาคตะวันออกเฉียงเหนือ,ในเขตเทศบาล,28.49,พันคน,สำนักงานสถิติแห่งชาติ
2560,ไตรมาส 2,ภาคตะวันออกเฉียงเหนือ,ในเขตเทศบาล,25.40,พันคน,สำนักงานสถิติแห่งชาติ
2560,ไตรมาส 3,ภาคตะวันออกเฉียงเหนือ,ในเขตเทศบาล,27.31,พันคน,สำนักงานสถิติแห่งชาติ
2560,ไตรมาส 4,ภาคตะวันออกเฉียงเหนือ,ในเขตเทศบาล,23.85,พันคน,สำนักงานสถิติแห่งชาติ
2561,ไตรมาส 1,ภาคตะวันออกเฉียงเหนือ,ในเขตเทศบาล,36.76,พันคน,สำนักงานสถิติแห่งชาติ
2561,ไตรมาส 2,ภาคตะวันออกเฉียงเหนือ,ในเขตเทศบาล,26.06,พันคน,สำนักงานสถิติแห่งชาติ
2561,ไตรมาส 3,ภาคตะวันออกเฉียงเหนือ,ในเขตเทศบาล,22.81,พันคน,สำนักงานสถิติแห่งชาติ
2561,ไตรมาส 4,ภาคตะวันออกเฉียงเหนือ,ในเขตเทศบาล,22.44,พันคน,สำนักงานสถิติแห่งชาติ
2562,ไตรมาส 1,ภาคตะวันออกเฉียงเหนือ,ในเขตเทศบาล,24.10,พันคน,สำนักงานสถิติแห่งชาติ
2562,ไตรมาส 2,ภาคตะวันออกเฉียงเหนือ,ในเขตเทศบาล,24.42,พันคน,สำนักงานสถิติแห่งชาติ
2562,ไตรมาส 3,ภาคตะวันออกเฉียงเหนือ,ในเขตเทศบาล,20.64,พันคน,สำนักงานสถิติแห่งชาติ
2562,ไตรมาส 4,ภาคตะวันออกเฉียงเหนือ,ในเขตเทศบาล,18.29,พันคน,สำนักงานสถิติแห่งชาติ
2563,ไตรมาส 1,ภาคตะวันออกเฉียงเหนือ,ในเขตเทศบาล,14.10,พันคน,สำนักงานสถิติแห่งชาติ
2563,ไตรมาส 2,ภาคตะวันออกเฉียงเหนือ,ในเขตเทศบาล,44.69,พันคน,สำนักงานสถิติแห่งชาติ
2563,ไตรมาส 3,ภาคตะวันออกเฉียงเหนือ,ในเขตเทศบาล,38.79,พันคน,สำนักงานสถิติแห่งชาติ
2563,ไตรมาส 4,ภาคตะวันออกเฉียงเหนือ,ในเขตเทศบาล,31.96,พันคน,สำนักงานสถิติแห่งชาติ
2555,ไตรมาส 1,ภาคตะวันออกเฉียงเหนือ,นอกเขตเทศบาล,90.18,พันคน,สำนักงานสถิติแห่งชาติ
2555,ไตรมาส 2,ภาคตะวันออกเฉียงเหนือ,นอกเขตเทศบาล,92.40,พันคน,สำนักงานสถิติแห่งชาติ
2555,ไตรมาส 3,ภาคตะวันออกเฉียงเหนือ,นอกเขตเทศบาล,47.80,พันคน,สำนักงานสถิติแห่งชาติ
2555,ไตรมาส 4,ภาคตะวันออกเฉียงเหนือ,นอกเขตเทศบาล,41.10,พันคน,สำนักงานสถิติแห่งชาติ
2556,ไตรมาส 1,ภาคตะวันออกเฉียงเหนือ,นอกเขตเทศบาล,88.66,พันคน,สำนักงานสถิติแห่งชาติ
2556,ไตรมาส 2,ภาคตะวันออกเฉียงเหนือ,นอกเขตเทศบาล,74.81,พันคน,สำนักงานสถิติแห่งชาติ
2556,ไตรมาส 3,ภาคตะวันออกเฉียงเหนือ,นอกเขตเทศบาล,56.87,พันคน,สำนักงานสถิติแห่งชาติ
2556,ไตรมาส 4,ภาคตะวันออกเฉียงเหนือ,นอกเขตเทศบาล,52.90,พันคน,สำนักงานสถิติแห่งชาติ
2557,ไตรมาส 1,ภาคตะวันออกเฉียงเหนือ,นอกเขตเทศบาล,77.96,พันคน,สำนักงานสถิติแห่งชาติ
2557,ไตรมาส 2,ภาคตะวันออกเฉียงเหนือ,นอกเขตเทศบาล,71.67,พันคน,สำนักงานสถิติแห่งชาติ
2557,ไตรมาส 3,ภาคตะวันออกเฉียงเหนือ,นอกเขตเทศบาล,47.37,พันคน,สำนักงานสถิติแห่งชาติ
2557,ไตรมาส 4,ภาคตะวันออกเฉียงเหนือ,นอกเขตเทศบาล,27.00,พันคน,สำนักงานสถิติแห่งชาติ
2558,ไตรมาส 1,ภาคตะวันออกเฉียงเหนือ,นอกเขตเทศบาล,58.06,พันคน,สำนักงานสถิติแห่งชาติ
2558,ไตรมาส 2,ภาคตะวันออกเฉียงเหนือ,นอกเขตเทศบาล,66.60,พันคน,สำนักงานสถิติแห่งชาติ
2558,ไตรมาส 3,ภาคตะวันออกเฉียงเหนือ,นอกเขตเทศบาล,59.54,พันคน,สำนักงานสถิติแห่งชาติ
2558,ไตรมาส 4,ภาคตะวันออกเฉียงเหนือ,นอกเขตเทศบาล,38.76,พันคน,สำนักงานสถิติแห่งชาติ
2559,ไตรมาส 1,ภาคตะวันออกเฉียงเหนือ,นอกเขตเทศบาล,62.01,พันคน,สำนักงานสถิติแห่งชาติ
2559,ไตรมาส 2,ภาคตะวันออกเฉียงเหนือ,นอกเขตเทศบาล,78.88,พันคน,สำนักงานสถิติแห่งชาติ
2559,ไตรมาส 3,ภาคตะวันออกเฉียงเหนือ,นอกเขตเทศบาล,58.27,พันคน,สำนักงานสถิติแห่งชาติ
2559,ไตรมาส 4,ภาคตะวันออกเฉียงเหนือ,นอกเขตเทศบาล,52.71,พันคน,สำนักงานสถิติแห่งชาติ
2560,ไตรมาส 1,ภาคตะวันออกเฉียงเหนือ,นอกเขตเทศบาล,119.09,พันคน,สำนักงานสถิติแห่งชาติ
2560,ไตรมาส 2,ภาคตะวันออกเฉียงเหนือ,นอกเขตเทศบาล,85.35,พันคน,สำนักงานสถิติแห่งชาติ
2560,ไตรมาส 3,ภาคตะวันออกเฉียงเหนือ,นอกเขตเทศบาล,88.81,พันคน,สำนักงานสถิติแห่งชาติ
2560,ไตรมาส 4,ภาคตะวันออกเฉียงเหนือ,นอกเขตเทศบาล,66.28,พันคน,สำนักงานสถิติแห่งชาติ
2561,ไตรมาส 1,ภาคตะวันออกเฉียงเหนือ,นอกเขตเทศบาล,87.53,พันคน,สำนักงานสถิติแห่งชาติ
2561,ไตรมาส 2,ภาคตะวันออกเฉียงเหนือ,นอกเขตเทศบาล,69.72,พันคน,สำนักงานสถิติแห่งชาติ
2561,ไตรมาส 3,ภาคตะวันออกเฉียงเหนือ,นอกเขตเทศบาล,41.02,พันคน,สำนักงานสถิติแห่งชาติ
2561,ไตรมาส 4,ภาคตะวันออกเฉียงเหนือ,นอกเขตเทศบาล,51.31,พันคน,สำนักงานสถิติแห่งชาติ
2562,ไตรมาส 1,ภาคตะวันออกเฉียงเหนือ,นอกเขตเทศบาล,51.83,พันคน,สำนักงานสถิติแห่งชาติ
2562,ไตรมาส 2,ภาคตะวันออกเฉียงเหนือ,นอกเขตเทศบาล,48.25,พันคน,สำนักงานสถิติแห่งชาติ
2562,ไตรมาส 3,ภาคตะวันออกเฉียงเหนือ,นอกเขตเทศบาล,45.19,พันคน,สำนักงานสถิติแห่งชาติ
2562,ไตรมาส 4,ภาคตะวันออกเฉียงเหนือ,นอกเขตเทศบาล,61.16,พันคน,สำนักงานสถิติแห่งชาติ
2563,ไตรมาส 1,ภาคตะวันออกเฉียงเหนือ,นอกเขตเทศบาล,65.25,พันคน,สำนักงานสถิติแห่งชาติ
2563,ไตรมาส 2,ภาคตะวันออกเฉียงเหนือ,นอกเขตเทศบาล,123.30,พันคน,สำนักงานสถิติแห่งชาติ
2563,ไตรมาส 3,ภาคตะวันออกเฉียงเหนือ,นอกเขตเทศบาล,114.71,พันคน,สำนักงานสถิติแห่งชาติ
2563,ไตรมาส 4,ภาคตะวันออกเฉียงเหนือ,นอกเขตเทศบาล,94.82,พันคน,สำนักงานสถิติแห่งชาติ
2555,ไตรมาส 1,ภาคใต้,รวม,32.10,พันคน,สำนักงานสถิติแห่งชาติ
2555,ไตรมาส 2,ภาคใต้,รวม,52.90,พันคน,สำนักงานสถิติแห่งชาติ
2555,ไตรมาส 3,ภาคใต้,รวม,38.80,พันคน,สำนักงานสถิติแห่งชาติ
2555,ไตรมาส 4,ภาคใต้,รวม,27.70,พันคน,สำนักงานสถิติแห่งชาติ
2556,ไตรมาส 1,ภาคใต้,รวม,54.79,พันคน,สำนักงานสถิติแห่งชาติ
2556,ไตรมาส 2,ภาคใต้,รวม,55.23,พันคน,สำนักงานสถิติแห่งชาติ
2556,ไตรมาส 3,ภาคใต้,รวม,65.68,พันคน,สำนักงานสถิติแห่งชาติ
2556,ไตรมาส 4,ภาคใต้,รวม,41.53,พันคน,สำนักงานสถิติแห่งชาติ
2557,ไตรมาส 1,ภาคใต้,รวม,55.50,พันคน,สำนักงานสถิติแห่งชาติ
2557,ไตรมาส 2,ภาคใต้,รวม,65.87,พันคน,สำนักงานสถิติแห่งชาติ
2557,ไตรมาส 3,ภาคใต้,รวม,67.49,พันคน,สำนักงานสถิติแห่งชาติ
2557,ไตรมาส 4,ภาคใต้,รวม,51.65,พันคน,สำนักงานสถิติแห่งชาติ
2558,ไตรมาส 1,ภาคใต้,รวม,55.93,พันคน,สำนักงานสถิติแห่งชาติ
2558,ไตรมาส 2,ภาคใต้,รวม,51.93,พันคน,สำนักงานสถิติแห่งชาติ
2558,ไตรมาส 3,ภาคใต้,รวม,58.57,พันคน,สำนักงานสถิติแห่งชาติ
2558,ไตรมาส 4,ภาคใต้,รวม,57.85,พันคน,สำนักงานสถิติแห่งชาติ
2559,ไตรมาส 1,ภาคใต้,รวม,62.75,พันคน,สำนักงานสถิติแห่งชาติ
2559,ไตรมาส 2,ภาคใต้,รวม,82.81,พันคน,สำนักงานสถิติแห่งชาติ
2559,ไตรมาส 3,ภาคใต้,รวม,59.13,พันคน,สำนักงานสถิติแห่งชาติ
2559,ไตรมาส 4,ภาคใต้,รวม,75.97,พันคน,สำนักงานสถิติแห่งชาติ
2560,ไตรมาส 1,ภาคใต้,รวม,75.34,พันคน,สำนักงานสถิติแห่งชาติ
2560,ไตรมาส 2,ภาคใต้,รวม,85.06,พันคน,สำนักงานสถิติแห่งชาติ
2560,ไตรมาส 3,ภาคใต้,รวม,81.21,พันคน,สำนักงานสถิติแห่งชาติ
2560,ไตรมาส 4,ภาคใต้,รวม,97.86,พันคน,สำนักงานสถิติแห่งชาติ
2561,ไตรมาส 1,ภาคใต้,รวม,87.14,พันคน,สำนักงานสถิติแห่งชาติ
2561,ไตรมาส 2,ภาคใต้,รวม,81.93,พันคน,สำนักงานสถิติแห่งชาติ
2561,ไตรมาส 3,ภาคใต้,รวม,60.74,พันคน,สำนักงานสถิติแห่งชาติ
2561,ไตรมาส 4,ภาคใต้,รวม,71.91,พันคน,สำนักงานสถิติแห่งชาติ
2562,ไตรมาส 1,ภาคใต้,รวม,77.67,พันคน,สำนักงานสถิติแห่งชาติ
2562,ไตรมาส 2,ภาคใต้,รวม,65.32,พันคน,สำนักงานสถิติแห่งชาติ
2562,ไตรมาส 3,ภาคใต้,รวม,75.20,พันคน,สำนักงานสถิติแห่งชาติ
2562,ไตรมาส 4,ภาคใต้,รวม,95.00,พันคน,สำนักงานสถิติแห่งชาติ
2563,ไตรมาส 1,ภาคใต้,รวม,78.85,พันคน,สำนักงานสถิติแห่งชาติ
2563,ไตรมาส 2,ภาคใต้,รวม,113.49,พันคน,สำนักงานสถิติแห่งชาติ
2563,ไตรมาส 3,ภาคใต้,รวม,148.43,พันคน,สำนักงานสถิติแห่งชาติ
2563,ไตรมาส 4,ภาคใต้,รวม,159.06,พันคน,สำนักงานสถิติแห่งชาติ
2555,ไตรมาส 1,ภาคใต้,ในเขตเทศบาล,8.32,พันคน,สำนักงานสถิติแห่งชาติ
2555,ไตรมาส 2,ภาคใต้,ในเขตเทศบาล,17.80,พันคน,สำนักงานสถิติแห่งชาติ
2555,ไตรมาส 3,ภาคใต้,ในเขตเทศบาล,12.40,พันคน,สำนักงานสถิติแห่งชาติ
2555,ไตรมาส 4,ภาคใต้,ในเขตเทศบาล,10.00,พันคน,สำนักงานสถิติแห่งชาติ
2556,ไตรมาส 1,ภาคใต้,ในเขตเทศบาล,14.12,พันคน,สำนักงานสถิติแห่งชาติ
2556,ไตรมาส 2,ภาคใต้,ในเขตเทศบาล,16.28,พันคน,สำนักงานสถิติแห่งชาติ
2556,ไตรมาส 3,ภาคใต้,ในเขตเทศบาล,22.07,พันคน,สำนักงานสถิติแห่งชาติ
2556,ไตรมาส 4,ภาคใต้,ในเขตเทศบาล,14.31,พันคน,สำนักงานสถิติแห่งชาติ
2557,ไตรมาส 1,ภาคใต้,ในเขตเทศบาล,22.44,พันคน,สำนักงานสถิติแห่งชาติ
2557,ไตรมาส 2,ภาคใต้,ในเขตเทศบาล,23.87,พันคน,สำนักงานสถิติแห่งชาติ
2557,ไตรมาส 3,ภาคใต้,ในเขตเทศบาล,20.51,พันคน,สำนักงานสถิติแห่งชาติ
2557,ไตรมาส 4,ภาคใต้,ในเขตเทศบาล,19.39,พันคน,สำนักงานสถิติแห่งชาติ
2558,ไตรมาส 1,ภาคใต้,ในเขตเทศบาล,18.10,พันคน,สำนักงานสถิติแห่งชาติ
2558,ไตรมาส 2,ภาคใต้,ในเขตเทศบาล,21.12,พันคน,สำนักงานสถิติแห่งชาติ
2558,ไตรมาส 3,ภาคใต้,ในเขตเทศบาล,23.31,พันคน,สำนักงานสถิติแห่งชาติ
2558,ไตรมาส 4,ภาคใต้,ในเขตเทศบาล,15.43,พันคน,สำนักงานสถิติแห่งชาติ
2559,ไตรมาส 1,ภาคใต้,ในเขตเทศบาล,29.90,พันคน,สำนักงานสถิติแห่งชาติ
2559,ไตรมาส 2,ภาคใต้,ในเขตเทศบาล,36.79,พันคน,สำนักงานสถิติแห่งชาติ
2559,ไตรมาส 3,ภาคใต้,ในเขตเทศบาล,29.06,พันคน,สำนักงานสถิติแห่งชาติ
2559,ไตรมาส 4,ภาคใต้,ในเขตเทศบาล,36.29,พันคน,สำนักงานสถิติแห่งชาติ
2560,ไตรมาส 1,ภาคใต้,ในเขตเทศบาล,26.82,พันคน,สำนักงานสถิติแห่งชาติ
2560,ไตรมาส 2,ภาคใต้,ในเขตเทศบาล,30.80,พันคน,สำนักงานสถิติแห่งชาติ
2560,ไตรมาส 3,ภาคใต้,ในเขตเทศบาล,25.37,พันคน,สำนักงานสถิติแห่งชาติ
2560,ไตรมาส 4,ภาคใต้,ในเขตเทศบาล,33.41,พันคน,สำนักงานสถิติแห่งชาติ
2561,ไตรมาส 1,ภาคใต้,ในเขตเทศบาล,30.40,พันคน,สำนักงานสถิติแห่งชาติ
2561,ไตรมาส 2,ภาคใต้,ในเขตเทศบาล,23.93,พันคน,สำนักงานสถิติแห่งชาติ
2561,ไตรมาส 3,ภาคใต้,ในเขตเทศบาล,19.04,พันคน,สำนักงานสถิติแห่งชาติ
2561,ไตรมาส 4,ภาคใต้,ในเขตเทศบาล,23.44,พันคน,สำนักงานสถิติแห่งชาติ
2562,ไตรมาส 1,ภาคใต้,ในเขตเทศบาล,26.90,พันคน,สำนักงานสถิติแห่งชาติ
2562,ไตรมาส 2,ภาคใต้,ในเขตเทศบาล,19.56,พันคน,สำนักงานสถิติแห่งชาติ
2562,ไตรมาส 3,ภาคใต้,ในเขตเทศบาล,23.15,พันคน,สำนักงานสถิติแห่งชาติ
2562,ไตรมาส 4,ภาคใต้,ในเขตเทศบาล,25.87,พันคน,สำนักงานสถิติแห่งชาติ
2563,ไตรมาส 1,ภาคใต้,ในเขตเทศบาล,26.93,พันคน,สำนักงานสถิติแห่งชาติ
2563,ไตรมาส 2,ภาคใต้,ในเขตเทศบาล,46.37,พันคน,สำนักงานสถิติแห่งชาติ
2563,ไตรมาส 3,ภาคใต้,ในเขตเทศบาล,62.16,พันคน,สำนักงานสถิติแห่งชาติ
2563,ไตรมาส 4,ภาคใต้,ในเขตเทศบาล,62.92,พันคน,สำนักงานสถิติแห่งชาติ
2555,ไตรมาส 1,ภาคใต้,นอกเขตเทศบาล,23.78,พันคน,สำนักงานสถิติแห่งชาติ
2555,ไตรมาส 2,ภาคใต้,นอกเขตเทศบาล,35.10,พันคน,สำนักงานสถิติแห่งชาติ
2555,ไตรมาส 3,ภาคใต้,นอกเขตเทศบาล,26.50,พันคน,สำนักงานสถิติแห่งชาติ
2555,ไตรมาส 4,ภาคใต้,นอกเขตเทศบาล,17.70,พันคน,สำนักงานสถิติแห่งชาติ
2556,ไตรมาส 1,ภาคใต้,นอกเขตเทศบาล,40.67,พันคน,สำนักงานสถิติแห่งชาติ
2556,ไตรมาส 2,ภาคใต้,นอกเขตเทศบาล,38.95,พันคน,สำนักงานสถิติแห่งชาติ
2556,ไตรมาส 3,ภาคใต้,นอกเขตเทศบาล,43.61,พันคน,สำนักงานสถิติแห่งชาติ
2556,ไตรมาส 4,ภาคใต้,นอกเขตเทศบาล,27.22,พันคน,สำนักงานสถิติแห่งชาติ
2557,ไตรมาส 1,ภาคใต้,นอกเขตเทศบาล,33.06,พันคน,สำนักงานสถิติแห่งชาติ
2557,ไตรมาส 2,ภาคใต้,นอกเขตเทศบาล,41.99,พันคน,สำนักงานสถิติแห่งชาติ
2557,ไตรมาส 3,ภาคใต้,นอกเขตเทศบาล,46.98,พันคน,สำนักงานสถิติแห่งชาติ
2557,ไตรมาส 4,ภาคใต้,นอกเขตเทศบาล,32.26,พันคน,สำนักงานสถิติแห่งชาติ
2558,ไตรมาส 1,ภาคใต้,นอกเขตเทศบาล,37.83,พันคน,สำนักงานสถิติแห่งชาติ
2558,ไตรมาส 2,ภาคใต้,นอกเขตเทศบาล,30.81,พันคน,สำนักงานสถิติแห่งชาติ
2558,ไตรมาส 3,ภาคใต้,นอกเขตเทศบาล,35.26,พันคน,สำนักงานสถิติแห่งชาติ
2558,ไตรมาส 4,ภาคใต้,นอกเขตเทศบาล,42.42,พันคน,สำนักงานสถิติแห่งชาติ
2559,ไตรมาส 1,ภาคใต้,นอกเขตเทศบาล,32.85,พันคน,สำนักงานสถิติแห่งชาติ
2559,ไตรมาส 2,ภาคใต้,นอกเขตเทศบาล,46.02,พันคน,สำนักงานสถิติแห่งชาติ
2559,ไตรมาส 3,ภาคใต้,นอกเขตเทศบาล,30.07,พันคน,สำนักงานสถิติแห่งชาติ
2559,ไตรมาส 4,ภาคใต้,นอกเขตเทศบาล,39.70,พันคน,สำนักงานสถิติแห่งชาติ
2560,ไตรมาส 1,ภาคใต้,นอกเขตเทศบาล,48.52,พันคน,สำนักงานสถิติแห่งชาติ
2560,ไตรมาส 2,ภาคใต้,นอกเขตเทศบาล,54.26,พันคน,สำนักงานสถิติแห่งชาติ
2560,ไตรมาส 3,ภาคใต้,นอกเขตเทศบาล,55.84,พันคน,สำนักงานสถิติแห่งชาติ
2560,ไตรมาส 4,ภาคใต้,นอกเขตเทศบาล,64.46,พันคน,สำนักงานสถิติแห่งชาติ
2561,ไตรมาส 1,ภาคใต้,นอกเขตเทศบาล,56.74,พันคน,สำนักงานสถิติแห่งชาติ
2561,ไตรมาส 2,ภาคใต้,นอกเขตเทศบาล,58.00,พันคน,สำนักงานสถิติแห่งชาติ
2561,ไตรมาส 3,ภาคใต้,นอกเขตเทศบาล,41.70,พันคน,สำนักงานสถิติแห่งชาติ
2561,ไตรมาส 4,ภาคใต้,นอกเขตเทศบาล,48.46,พันคน,สำนักงานสถิติแห่งชาติ
2562,ไตรมาส 1,ภาคใต้,นอกเขตเทศบาล,50.78,พันคน,สำนักงานสถิติแห่งชาติ
2562,ไตรมาส 2,ภาคใต้,นอกเขตเทศบาล,45.76,พันคน,สำนักงานสถิติแห่งชาติ
2562,ไตรมาส 3,ภาคใต้,นอกเขตเทศบาล,52.05,พันคน,สำนักงานสถิติแห่งชาติ
2562,ไตรมาส 4,ภาคใต้,นอกเขตเทศบาล,69.12,พันคน,สำนักงานสถิติแห่งชาติ
2563,ไตรมาส 1,ภาคใต้,นอกเขตเทศบาล,51.91,พันคน,สำนักงานสถิติแห่งชาติ
2563,ไตรมาส 2,ภาคใต้,นอกเขตเทศบาล,67.12,พันคน,สำนักงานสถิติแห่งชาติ
2563,ไตรมาส 3,ภาคใต้,นอกเขตเทศบาล,86.27,พันคน,สำนักงานสถิติแห่งชาติ
2563,ไตรมาส 4,ภาคใต้,นอกเขตเทศบาล,96.14,พันคน,สำนักงานสถิติแห่งชาติ
